"dataset","representation","method","k","n_used","silhouette","davies_bouldin","calinski_harabasz","adjusted_rand_index","normalized_mutual_information","clustering_accuracy","purity","runtime_sec"
"breast_tissue","original","kmeans",2,106,0.492559951176643,0.957532838347397,79.6312938053753,0.196644396747181,0.457986397112884,0.39622641509434,0.39622641509434,0
"breast_tissue","original","kmeans",3,106,0.448518473812906,0.996805084384205,68.3985613110276,0.18185211003271,0.480967695146052,0.367924528301887,0.405660377358491,0
"breast_tissue","original","kmeans",4,106,0.40549834047663,0.712986677721736,74.6839255042215,0.310805114514543,0.531097988729949,0.5,0.509433962264151,0.00999999999999801
"breast_tissue","original","kmeans",5,106,0.422590958421291,0.770768790078436,82.7308752318138,0.298200819428775,0.552080457612457,0.471698113207547,0.518867924528302,0.019999999999996
"breast_tissue","original","kmeans",6,106,0.401301235065037,0.869104461817519,81.1312590558139,0.285080124199285,0.527645775761126,0.481132075471698,0.556603773584906,0
"breast_tissue","original","kmeans",7,106,0.317198208637991,0.933800102623915,83.0657167344201,0.269715038060503,0.507674317708038,0.5,0.575471698113208,0
"breast_tissue","original","kmeans",8,106,0.329575023236881,0.866585121230601,80.212936073216,0.272309790786476,0.529669667297752,0.481132075471698,0.613207547169811,0.00999999999999801
"breast_tissue","sparsified","kmeans",2,106,0.149279982919359,1.90075529543138,19.0109393637283,0.12037848786239,0.265756980043535,0.339622641509434,0.339622641509434,0
"breast_tissue","sparsified","kmeans",3,106,0.195432054836767,1.92252972344731,20.2422061780089,0.344173799307006,0.484458561561044,0.528301886792453,0.528301886792453,0.0200000000000031
"breast_tissue","sparsified","kmeans",4,106,0.219959444835426,1.73066638624459,19.3335208793475,0.421988388969521,0.519113848279821,0.594339622641509,0.594339622641509,0
"breast_tissue","sparsified","kmeans",5,106,0.210686736659411,1.70697954292643,17.9218860934135,0.381386539816772,0.532084762451361,0.566037735849057,0.60377358490566,0.019999999999996
"breast_tissue","sparsified","kmeans",6,106,0.200332908641517,1.65878204024842,16.9674240727929,0.360852644896783,0.504223002635815,0.528301886792453,0.584905660377358,0.00999999999999801
"breast_tissue","sparsified","kmeans",7,106,0.205292634990515,1.575081810362,16.2571348452141,0.307606282935425,0.509877275240958,0.462264150943396,0.584905660377358,0.0200000000000031
"breast_tissue","sparsified","kmeans",8,106,0.20683648070349,1.46470262352696,15.9122513881518,0.349477949334117,0.537849512781594,0.537735849056604,0.632075471698113,0.00999999999999801
"hcv","original","kmeans",2,615,0.231681878408317,1.72838806629671,121.717472116386,-0.0225121046653353,0.0177138018760381,0.533333333333333,0.866666666666667,0.00999999999999801
"hcv","original","kmeans",3,615,0.255799567348129,1.63806391145295,123.801633847417,0.132858374386723,0.209185084556282,0.56260162601626,0.899186991869919,0.00999999999999801
"hcv","original","kmeans",4,615,0.260247528903486,1.36344061197584,109.052234415703,0.133048896027007,0.210264048862416,0.557723577235772,0.899186991869919,0.0200000000000031
"hcv","original","kmeans",5,615,0.192925332278016,1.64961051015326,98.4713960376111,0.0729991872892534,0.154353043349067,0.403252032520325,0.899186991869919,0.0300000000000011
"hcv","original","kmeans",6,615,0.194323358739985,1.63179151991202,94.4897505832622,0.08464052686444,0.185236431351972,0.404878048780488,0.899186991869919,0.0500000000000043
"hcv","original","kmeans",7,615,0.18801173922758,1.51610096948541,90.4694653323423,0.0599663966809746,0.143774311937252,0.391869918699187,0.892682926829268,0.0500000000000043
"hcv","sparsified","kmeans",2,615,0.0695923805692813,3.86478193828685,38.0976583934473,0.0216401367696885,0.0509495711899971,0.554471544715447,0.866666666666667,0.0600000000000023
"hcv","sparsified","kmeans",3,615,0.0648785752185186,3.10008518286351,39.2113129555728,0.130224099040516,0.202138333499284,0.554471544715447,0.895934959349593,0.0599999999999952
"hcv","sparsified","kmeans",4,615,0.0437436707382192,3.59315874838693,32.1709544975426,0.082626825001976,0.181849204148021,0.398373983739837,0.897560975609756,0.119999999999997
"hcv","sparsified","kmeans",5,615,0.0403809520971646,3.63595835000515,28.0613427859292,0.0537032489350561,0.169955270028049,0.32520325203252,0.899186991869919,0.110000000000007
"hcv","sparsified","kmeans",6,615,0.043933344656438,3.32018695586409,25.8308241450231,0.0548110077114637,0.172209289172452,0.321951219512195,0.897560975609756,0.160000000000004
"hcv","sparsified","kmeans",7,615,0.0436025079925398,3.30991386821305,23.7280140894498,0.0527226812724084,0.186754401436713,0.273170731707317,0.895934959349593,0.18
"wholesale_customers","original","kmeans",2,440,0.444558836529304,1.07539473186362,186.030410570039,-0.0120562417700402,0.00866435085956683,0.529545454545455,0.718181818181818,0.0200000000000031
"wholesale_customers","original","kmeans",3,440,0.442915492046339,1.14646617147803,175.115129210211,-0.0102816059713854,0.00706686668698281,0.518181818181818,0.718181818181818,0.00999999999999801
"wholesale_customers","original","kmeans",4,440,0.450258480504985,0.976582823527318,174.404607858738,-0.00925715543169717,0.00977823159554476,0.518181818181818,0.718181818181818,0.00999999999999801
"wholesale_customers","original","kmeans",5,440,0.438555049381249,0.895514565364258,183.952399766502,-0.0259291169303087,0.0102819859594678,0.434090909090909,0.718181818181818,0.00999999999999801
"wholesale_customers","sparsified","kmeans",2,440,0.117343528449388,2.55378246908861,51.8748474489134,-0.0150155626832224,0.00567271874398988,0.518181818181818,0.718181818181818,0.0300000000000011
"wholesale_customers","sparsified","kmeans",3,440,0.110861746140904,2.63868939616371,44.1622432835413,-0.0100969302190176,0.00566381392757097,0.390909090909091,0.718181818181818,0.019999999999996
"wholesale_customers","sparsified","kmeans",4,440,0.115059574161524,2.34683025845137,41.4639366656795,-0.0122196785669103,0.00643634159489021,0.370454545454545,0.718181818181818,0.0499999999999972
"wholesale_customers","sparsified","kmeans",5,440,0.130986184656227,2.29728515884097,39.0210647493673,0.00313910437494652,0.00938406411402611,0.313636363636364,0.718181818181818,0.0499999999999972
"pen_recognition_handwritten_digits","original","kmeans",2,10992,0.230905056939697,1.77322494147129,3257.75008734948,0.126951619197423,0.343671890511633,0.206240902474527,0.206240902474527,0.43
"pen_recognition_handwritten_digits","original","kmeans",3,10992,0.224656620888939,1.57954963741212,2974.63095925565,0.218522243086241,0.42406874430604,0.299672489082969,0.299672489082969,0.75
"pen_recognition_handwritten_digits","original","kmeans",4,10992,0.252738504335031,1.49531260069988,3025.91319427361,0.317927675291355,0.517367908396326,0.383733624454148,0.383733624454148,0.969999999999999
"pen_recognition_handwritten_digits","original","kmeans",5,10992,0.251982853036398,1.33937712827097,2802.86549546187,0.36994879698867,0.570319029935301,0.48216885007278,0.48216885007278,0.969999999999999
"pen_recognition_handwritten_digits","original","kmeans",6,10992,0.268180815128618,1.2957651233667,2709.96428764342,0.414629320827136,0.594512928516728,0.538482532751092,0.538482532751092,0.939999999999998
"pen_recognition_handwritten_digits","original","kmeans",7,10992,0.281481352906296,1.31553234434279,2700.33260019994,0.456636332262485,0.627189015285782,0.594068413391557,0.594068413391557,1.22
"pen_recognition_handwritten_digits","original","kmeans",8,10992,0.282919237396502,1.29980002082976,2566.94747972098,0.446107449722247,0.626997771082425,0.602711062590975,0.602711062590975,1.32
"pen_recognition_handwritten_digits","sparsified","kmeans",2,10992,0.111883571270625,2.38993674740356,1151.88713299968,0.0678511722474711,0.301102160033118,0.202056040756914,0.202056040756914,1.47
"pen_recognition_handwritten_digits","sparsified","kmeans",3,10992,0.100447424450205,2.95411560352343,1014.69317241227,0.207884003222561,0.420041984552914,0.289028384279476,0.289028384279476,3.27999999999999
"pen_recognition_handwritten_digits","sparsified","kmeans",4,10992,0.106471376108884,2.65323751785262,966.315108753355,0.324416039648577,0.526924444081799,0.386371906841339,0.386371906841339,3.39
"pen_recognition_handwritten_digits","sparsified","kmeans",5,10992,0.123655586615745,2.45583283426174,910.534591458811,0.368407060682458,0.541630103462812,0.445414847161572,0.445414847161572,3.12
"pen_recognition_handwritten_digits","sparsified","kmeans",6,10992,0.123552122489277,2.34677544315409,841.068979095625,0.416320941329189,0.587538607721796,0.536299126637555,0.536299126637555,3.41000000000001
"pen_recognition_handwritten_digits","sparsified","kmeans",7,10992,0.123493946811664,2.31704793051991,780.573498967902,0.418052039825851,0.590040561129228,0.558588064046579,0.558588064046579,4.27999999999999
"pen_recognition_handwritten_digits","sparsified","kmeans",8,10992,0.11920745120231,2.41526022431425,737.07205644855,0.45516445997354,0.601910060524482,0.612900291120815,0.612900291120815,5.27000000000001
"libras_movement","original","kmeans",2,360,0.200286972489697,2.03289567259163,79.6094164113188,0.0683435106766549,0.29095263034364,0.133333333333333,0.133333333333333,0.0500000000000114
"libras_movement","original","kmeans",3,360,0.164168293188174,1.79115105459986,71.8727406645751,0.0557676071161191,0.190061132022952,0.141666666666667,0.141666666666667,0.0799999999999983
"libras_movement","original","kmeans",4,360,0.175180754632525,1.63499107796793,68.1892289916554,0.119786600032771,0.325174127903742,0.205555555555556,0.205555555555556,0.0799999999999983
"libras_movement","original","kmeans",5,360,0.201055949640611,1.61416170479742,66.6410798907865,0.14952836838096,0.393765011764265,0.244444444444444,0.244444444444444,0.0899999999999892
"libras_movement","original","kmeans",6,360,0.211985375452034,1.52214521990833,64.2151575970156,0.188984675322811,0.412117845795423,0.288888888888889,0.288888888888889,0.109999999999999
"libras_movement","original","kmeans",7,360,0.227187353928465,1.4470875716604,62.1739137824731,0.213746792126446,0.458970357148009,0.333333333333333,0.333333333333333,0.0899999999999892
"libras_movement","original","kmeans",8,360,0.234440328474719,1.43888776858644,59.4498984137419,0.254197436770212,0.50854216737688,0.372222222222222,0.372222222222222,0.0799999999999983
"libras_movement","sparsified","kmeans",2,360,0.0763953513033325,3.51293365296664,26.5178034329349,0.0628493626240217,0.271495119896849,0.133333333333333,0.133333333333333,0.210000000000008
"libras_movement","sparsified","kmeans",3,360,0.0783708846249513,3.14571655450314,25.7533404553907,0.0861783470734153,0.274357936544376,0.180555555555556,0.180555555555556,0.210000000000008
"libras_movement","sparsified","kmeans",4,360,0.0854635624897214,2.95767045187898,24.4648413066402,0.0973729804583704,0.275565364262899,0.191666666666667,0.191666666666667,0.319999999999993
"libras_movement","sparsified","kmeans",5,360,0.0979940072082703,2.71768408765884,23.3407738033998,0.137496183442462,0.352014015354689,0.238888888888889,0.238888888888889,0.280000000000001
"libras_movement","sparsified","kmeans",6,360,0.101005139458215,2.58723585309382,21.5857063658406,0.152399988361941,0.362984537506916,0.266666666666667,0.266666666666667,0.329999999999998
"libras_movement","sparsified","kmeans",7,360,0.0950689162400692,2.67052561524564,19.9590317198873,0.186948812805331,0.412281740438961,0.275,0.275,0.290000000000006
"libras_movement","sparsified","kmeans",8,360,0.0959981729379843,2.51267415008556,18.9791557515539,0.198465287804607,0.4364423029309,0.319444444444444,0.319444444444444,0.280000000000001
"vehicle_silhouettes","original","kmeans",2,846,0.389604137457748,1.03204682603161,588.942507176987,0.0832026696915783,0.133188685069096,0.368794326241135,0.368794326241135,0.0300000000000011
"vehicle_silhouettes","original","kmeans",3,846,0.291839696861465,1.30851225014735,456.793938339235,0.0732811615089602,0.0994937969692881,0.364066193853428,0.364066193853428,0.0400000000000063
"vehicle_silhouettes","original","kmeans",4,846,0.305389094559658,1.06835040952416,433.9752360232,0.0761244520806915,0.117064874760899,0.359338061465721,0.367612293144208,0.0499999999999972
"vehicle_silhouettes","original","kmeans",5,846,0.248190855663308,1.29288109950736,381.92944024104,0.0698085640427962,0.0986737877690119,0.358156028368794,0.379432624113475,0.0700000000000074
"vehicle_silhouettes","original","kmeans",6,846,0.212772493085394,1.31984499988358,352.76630021878,0.0716409986758923,0.112866589763104,0.317966903073286,0.401891252955083,0.0600000000000023
"vehicle_silhouettes","sparsified","kmeans",2,846,0.159704366021167,2.23141057277862,147.734127115388,0.0861182790326878,0.139366335769514,0.373522458628842,0.373522458628842,0.0499999999999972
"vehicle_silhouettes","sparsified","kmeans",3,846,0.144112243588982,2.1833980471315,123.452892331645,0.0932494959988438,0.157086637587298,0.434988179669031,0.434988179669031,0.129999999999995
"vehicle_silhouettes","sparsified","kmeans",4,846,0.164645437655601,2.12092692130962,116.588529035499,0.12015079256137,0.179403807810797,0.449172576832151,0.449172576832151,0.109999999999999
"vehicle_silhouettes","sparsified","kmeans",5,846,0.160294502646731,2.23384894612974,105.260690388121,0.127511869575088,0.192436561377386,0.373522458628842,0.481087470449173,0.220000000000013
"vehicle_silhouettes","sparsified","kmeans",6,846,0.162454927005545,2.01367952402438,96.19999798519,0.131521584720385,0.188679635274588,0.387706855791962,0.484633569739953,0.109999999999999
"statlog_image_segmentation","original","kmeans",2,2310,0.342094855542781,1.2833888305145,1027.19450381844,0.174412502358891,0.396951957217713,0.285714285714286,0.285714285714286,0.0700000000000074
"statlog_image_segmentation","original","kmeans",3,2310,0.303837872516141,1.4259150282889,873.439894531254,0.307812367585163,0.545078969636937,0.428138528138528,0.428138528138528,0.109999999999999
"statlog_image_segmentation","original","kmeans",4,2310,0.282365105727068,1.19609735821764,881.617384803372,0.28100131240799,0.496364071390885,0.433766233766234,0.433766233766234,0.109999999999999
"statlog_image_segmentation","original","kmeans",5,2310,0.332184123441328,1.12293817890841,937.793898597654,0.481124794327038,0.671715832685752,0.573593073593074,0.573593073593074,0.169999999999987
"statlog_image_segmentation","original","kmeans",6,2310,0.349651764355717,1.07528778138381,907.297938891681,0.479946265845225,0.647648968275677,0.566666666666667,0.572727272727273,0.150000000000006
"statlog_image_segmentation","original","kmeans",7,2310,0.354304568572424,1.08094539614402,850.933512179981,0.459982026912638,0.585719552102595,0.545021645021645,0.553679653679654,0.189999999999998
"statlog_image_segmentation","original","kmeans",8,2310,0.302317087803105,1.20412334684763,805.063290824636,0.479743116263243,0.590247246711292,0.594805194805195,0.609090909090909,0.189999999999998
"statlog_image_segmentation","sparsified","kmeans",2,2310,0.136752141017774,2.05132395495997,341.814726134946,0.0768839175982088,0.233280130151567,0.242424242424242,0.242424242424242,0.179999999999993
"statlog_image_segmentation","sparsified","kmeans",3,2310,0.178400863664288,1.87008679847113,376.258564848379,0.20253776158827,0.448066180807898,0.383982683982684,0.383982683982684,0.280000000000001
"statlog_image_segmentation","sparsified","kmeans",4,2310,0.206761186931062,2.02666299371245,366.18337956034,0.372247394799097,0.550892341574687,0.512121212121212,0.512121212121212,0.359999999999999
"statlog_image_segmentation","sparsified","kmeans",5,2310,0.203395636571877,2.03575669542324,343.045316865645,0.473899295541649,0.631762741129585,0.586147186147186,0.586147186147186,0.439999999999998
"statlog_image_segmentation","sparsified","kmeans",6,2310,0.216062269634988,1.81647252369638,312.049045061296,0.478905241841954,0.637432058560299,0.586147186147186,0.591774891774892,0.399999999999991
"statlog_image_segmentation","sparsified","kmeans",7,2310,0.198268441971025,1.86354208959132,289.517347574642,0.44830257659949,0.597876485612009,0.576623376623377,0.582251082251082,0.489999999999995
"statlog_image_segmentation","sparsified","kmeans",8,2310,0.188248877405907,1.90095733203931,276.287305929905,0.461799111124077,0.592943215679918,0.611688311688312,0.617316017316017,0.800000000000011
"vertebral_column_3classes","original","kmeans",2,310,0.362901784727651,1.13086105904364,189.338916000659,0.293468522886823,0.329908685686891,0.658064516129032,0.658064516129032,0
"vertebral_column_3classes","original","kmeans",3,310,0.295131105194198,1.298552774954,153.595924480553,0.211391479326811,0.303127128830606,0.467741935483871,0.667741935483871,0.0300000000000011
"vertebral_column_3classes","original","kmeans",4,310,0.269401236443384,1.36251713657341,125.626584852747,0.181374784135054,0.297088849734359,0.432258064516129,0.67741935483871,0.0100000000000051
"vertebral_column_3classes","original","kmeans",5,310,0.231711325697565,1.13664000703363,123.090059316694,0.176075833544238,0.301562978484034,0.425806451612903,0.658064516129032,0.0100000000000051
"vertebral_column_3classes","sparsified","kmeans",2,310,0.131109289559502,2.48914907576522,46.8436435366002,0.328314840546909,0.308031575198391,0.664516129032258,0.664516129032258,0
"vertebral_column_3classes","sparsified","kmeans",3,310,0.125255540687928,2.44473887685789,39.8274923325522,0.214773224181461,0.291859820456164,0.474193548387097,0.661290322580645,0.0100000000000051
"vertebral_column_3classes","sparsified","kmeans",4,310,0.132689087700053,2.33282453235935,37.4343254566737,0.19535199469181,0.255318279645544,0.461290322580645,0.654838709677419,0.019999999999996
"vertebral_column_3classes","sparsified","kmeans",5,310,0.132684074658804,2.21339975010049,33.3197635915931,0.11444419244396,0.235766358590564,0.374193548387097,0.632258064516129,0.0300000000000011
"vertebral_column_2classes","original","kmeans",2,310,0.362901784727651,1.13086105904364,189.338916000659,0.101851901452218,0.160871796150058,0.664516129032258,0.67741935483871,0.0200000000000102
"vertebral_column_2classes","original","kmeans",3,310,0.295131105194198,1.298552774954,153.595924480553,0.0444987879743002,0.148139065999521,0.496774193548387,0.696774193548387,0.019999999999996
"vertebral_column_2classes","original","kmeans",4,310,0.300090550332905,0.999206984931717,134.447998973901,0.0434798313079601,0.149032646354811,0.490322580645161,0.696774193548387,0.019999999999996
"vertebral_column_2classes","sparsified","kmeans",2,310,0.131109289559502,2.48914907576522,46.8436435366002,0.127615996358667,0.137800384607136,0.680645161290323,0.680645161290323,0
"vertebral_column_2classes","sparsified","kmeans",3,310,0.125255540687928,2.44473887685789,39.8274923325522,0.0411039795707566,0.119892111533186,0.470967741935484,0.687096774193548,0.019999999999996
"vertebral_column_2classes","sparsified","kmeans",4,310,0.132689087700053,2.33282453235935,37.4343254566737,0.0582142313241352,0.10244422569971,0.374193548387097,0.683870967741935,0.0100000000000051
"user_knowledge_modeling","original","kmeans",2,403,0.181840257625335,2.02613079750052,90.9492876836158,0.327958821016604,0.444690037365003,0.563275434243176,0.563275434243176,0
"user_knowledge_modeling","original","kmeans",3,403,0.172898431349314,1.74841689562402,83.4333423776045,0.241993522868354,0.326870617512057,0.543424317617866,0.543424317617866,0.0200000000000102
"user_knowledge_modeling","original","kmeans",4,403,0.173784716818244,1.55958074080882,80.2196800546031,0.110347106860286,0.197310170900176,0.392059553349876,0.45409429280397,0.0100000000000051
"user_knowledge_modeling","original","kmeans",5,403,0.182436221743452,1.47187391481817,79.6875356376997,0.105742700805764,0.201935519978625,0.387096774193548,0.471464019851117,0.019999999999996
"user_knowledge_modeling","original","kmeans",6,403,0.174956313016865,1.40639703560102,76.0165812642787,0.119572910495789,0.248193044927624,0.339950372208437,0.498759305210918,0.0400000000000063
"user_knowledge_modeling","original","kmeans",7,403,0.186828192019949,1.39576902107806,73.054149933814,0.134823957142957,0.276638154704235,0.334987593052109,0.535980148883375,0.0299999999999869
"user_knowledge_modeling","sparsified","kmeans",2,403,0.0670922908303946,3.12282190508281,30.608161667785,0.174540676684319,0.342495967204732,0.429280397022333,0.429280397022333,0.0100000000000051
"user_knowledge_modeling","sparsified","kmeans",3,403,0.0850378198821169,2.88829650811955,31.5656775837858,0.372455289306721,0.509419442273739,0.493796526054591,0.573200992555831,0.019999999999996
"user_knowledge_modeling","sparsified","kmeans",4,403,0.114168052452883,2.51490173753607,32.6814548962013,0.463739065191893,0.559595662967333,0.672456575682382,0.751861042183623,0.0300000000000011
"user_knowledge_modeling","sparsified","kmeans",5,403,0.118092888037872,2.39142461565677,30.3203882846728,0.435089535829713,0.509589553731315,0.657568238213399,0.727047146401985,0.0300000000000011
"user_knowledge_modeling","sparsified","kmeans",6,403,0.117081523117802,2.31521323606629,28.1831669376764,0.403228313479183,0.512160944792826,0.590570719602978,0.739454094292804,0.0500000000000114
"user_knowledge_modeling","sparsified","kmeans",7,403,0.113722941081701,2.16175312783829,26.9815757098165,0.254970247676782,0.371198944834051,0.466501240694789,0.632754342431762,0.0500000000000114
"banknote_authentication","original","kmeans",2,1372,0.333757709767546,1.19969173009006,807.220211650388,0.0132158327785109,0.0109953454890105,0.559037900874636,0.559037900874636,0.0400000000000063
"banknote_authentication","original","kmeans",3,1372,0.328840196712232,1.06963998233175,863.337684206633,0.0639989293955037,0.0595429223140089,0.473032069970845,0.64868804664723,0.0500000000000114
"banknote_authentication","original","kmeans",4,1372,0.313890677933244,1.02290659298094,852.247189520977,0.0974468984866052,0.136766288504901,0.39067055393586,0.713556851311953,0.0500000000000114
"banknote_authentication","sparsified","kmeans",2,1372,0.141724741778573,2.49238481819171,209.752515034186,0.0236233590677363,0.0182718984054328,0.57798833819242,0.57798833819242,0.0500000000000114
"banknote_authentication","sparsified","kmeans",3,1372,0.15838254253626,2.16014384543239,205.650816595914,0.0544356801261665,0.0641354986887006,0.439504373177843,0.655247813411079,0.0699999999999932
"banknote_authentication","sparsified","kmeans",4,1372,0.177491138217318,2.01736711432485,197.024878683963,0.0480917821899094,0.0578505444818198,0.346938775510204,0.650874635568513,0.100000000000009
"wine","original","kmeans",2,178,0.259316955531825,1.52599658360521,69.5233317390291,0.374314492621369,0.49037091632672,0.601123595505618,0.601123595505618,0.00999999999999091
"wine","original","kmeans",3,178,0.284858919189899,1.38918797771816,70.9400080031512,0.897494981509321,0.875898467540787,0.966292134831461,0.966292134831461,0
"wine","original","kmeans",4,178,0.258447042527733,1.79069321662193,56.2019192116066,0.753590927509243,0.79551170975728,0.831460674157303,0.966292134831461,0
"wine","original","kmeans",5,178,0.229160772991402,1.66838953970382,47.1833789168954,0.64670191251925,0.71075550343106,0.707865168539326,0.955056179775281,0.019999999999996
"wine","sparsified","kmeans",2,178,0.106234687036615,2.65962829190002,21.0990973391011,0.420143239836696,0.557715529528928,0.606741573033708,0.606741573033708,0.019999999999996
"wine","sparsified","kmeans",3,178,0.116660338412682,2.64120003064106,19.750873933982,0.914879596066953,0.892589719352039,0.971910112359551,0.971910112359551,0.0200000000000102
"wine","sparsified","kmeans",4,178,0.096596448889252,2.67628611581709,16.0794194104718,0.667455102559512,0.698470674704068,0.786516853932584,0.915730337078652,0.00999999999999091
"wine","sparsified","kmeans",5,178,0.0973405245826027,2.82230242424343,13.8684955748849,0.584584574922302,0.69097519026654,0.662921348314607,0.949438202247191,0.019999999999996
